"","sensitivity","specificity","AUC"
"cfDNA1",0.777103209019948,1,0.876236902536419
"cfDNA2",0.728751187084521,0.610003165558721,0.637483540285506
