"","sensitivity","specificity","AUC"
"AFV",0.777103209019948,1,0.876236902536419
"CA199",0.748921749845964,0.698872785829308,0.764345089433892
"CEA",0.649821286735505,0.774154589371981,0.723815999255876
